site,lat,lon
1001 Ebenezer Church Solar,36.283819,-80.843419
1008 Matthews Solar,36.21669,-80.552473
1009 Yadkin Solar,36.14749,-80.656114
"1025 Traveller Solar, LLC",35.427308,-79.126319
"1034 Catherine Lake Solar, LLC",34.78471,-77.498759
1045 Tomlin Mill Solar,35.916178,-80.835488
"1047 Little Mountain Solar, LLC",36.197067,-80.806725
"1051 Lucky Solar, LLC",36.148986,-80.819654
1073 Onslow Solar,34.773578,-77.185771
1634 Solar,34.3368,-80.081493
"20333 Normandie PV, LLC",33.84614,-118.30019
"20701 Plummer PV, LLC",34.243444,-118.58517
2081 Terzian Solar Project,36.67,-119.415833
2097 Helton Solar Project,37.352222,-120.506944
2127 Harris Solar Project,39.291667,-121.669722
"231 Dixon 74 Solar I, LLC",35.244125,-81.430385
"232 Long Branch 29 Solar I, LLC",35.23222,-81.559722
"233 Randolph 74 Solar I, LLC",35.311944,-81.590555
2555 E Olympic Bl,34.026944,-118.224167
315 Vinson Road,35.629398,-78.385888
4Oaks,35.4325,-78.411667
510 REPP One,36.4972,-77.6058
"8500 Balboa PV, LLC",34.22379,-118.49974
9150 Hermosa Solar GM,34.0878,-117.5872
Abbot Solar,33.678358,-80.240292
ABD Farms,35.728738,-79.748273
Ace Solar,34.722882,-82.525795
Achilles Solar,35.359674,-79.911423
"Acme Solar, LLC",34.324366,-78.996148
Adams,34.695185,-82.528284
"Adapture CA2, LLC",39.69898,-122.175583
"Adelanto Solar II, LLC",34.557222,-117.3775
"Adelanto Solar, LLC",34.557222,-117.3775
Adera Solar,37.120586,-120.32488
Adobe Solar,35.102778,-118.954444
Aerojet I,38.613508,-121.162879
Aerojet II,38.6086,-121.1703
Aerolease,34.189857,-118.451355
AGA TAG Solar III LLC,34.99647,-82.0421
AGA TAG Solar IV LLC,34.27355,-78.06444
Agriculture Capital - Legacy Packing,36.49466,-119.46698
Ahoskie,36.306369,-76.993138
Ajax Solar,34.83091,-79.1194
Alamo Solar,34.682222,-117.3475
Albemarle Beach Solar,35.928188,-76.620452
Albemarle Solar Center LLC,35.293056,-77.556944
Albertson Solar LLC,35.093021,-77.812667
"Algonquin SKIC 10 Solar, LLC",35.126111,-119.243361
Algonquin SKIC20 Solar LLC,35.126111,-119.243333
"Allora Solar, LLC",33.899338,-81.400467
Almond,36.21222,-119.91
Alpaugh 50,35.898333,-119.435278
Alpaugh North,35.9025,-119.442778
Alpha Value Solar,36.157401,-76.489563
Alpine Solar,34.7892,-118.5047
Alta Sea,33.719111,-118.272621
Alticor Inc - Solar Project,33.878585,-117.99608
AM Best Farm,35.418889,-77.985556
Amazon - Patterson PV,37.468888,-121.166326
Amazon - Stockton - Roof (SCK1) - (CA),37.911715,-121.19865
Amazon Bakersfield 1 Solar Project,35.446616,-119.05089
Amazon PSP1,33.92624,-116.99442
Amazon SAN3 Solar Project,32.566208,-116.933468
American Canyon Solar,38.160858,-122.214014
"American Kings Solar, LLC",36.24,-119.898
American Legion PV 1,36.418333,-77.655833
Amethyst Solar,35.316944,-81.926389
Anaheim Solar Energy Plant,33.8025,-117.919722
Anderson (SC),34.493707,-82.676137
Anderson Farm LLC,34.975556,-78.516667
Andrew Solar,35.1608,-77.1099
Angel Solar,35.651111,-81.208611
Angier Farm,35.516389,-78.75
Antelope Big Sky Ranch,34.694839,-118.28769
Antelope DSR 1,34.655556,-118.280722
Antelope DSR 2,34.686944,-118.311722
Antelope DSR 3,34.736859,-118.304071
Antelope Expansion 1B,34.71611,-118.259161
Antelope Expansion 2,34.744977,-118.309153
Antelope Expansion 3A,34.728902,-118.322051
Antelope Expansion 3B,34.720162,-118.322532
"AP North Lake I, LP",33.74,-117.010556
Apple Campus 2 PV,37.33,-122.01
Apple Data Center - PV2,35.738889,-81.207778
Apple Data Center PV,35.588135,-81.25198
Apple Data Center PV3,35.715,-81.15
Apple One,35.629444,-81.156944
Aquamarine,36.189722,-119.904166
"Ararat Rock Solar, LLC",36.461111,-80.600556
Arba Solar Energy Storage,35.419641,-77.729089
"Arba Solar, LLC",35.396389,-77.703611
Arborgate Solar,35.717391,-79.11946
Arica Solar,33.701001,-115.316292
Arlington Energy Center II,33.69088,-114.774944
Arlington Energy Center III,33.69088,-114.774944
Arndt Farm,35.779167,-81.175556
Arrache 4006,34.655,-118.051111
Arrache 4013,34.650556,-118.051944
Arrache 8083,34.647778,-118.061111
Arthur 2 Solar,34.172948,-78.835562
"Arthur Solar, LLC",34.16087,-78.84663
Ashley Solar Farm,36.126111,-80.798889
"Aspen Solar, LLC",34.791163,-78.012122
Aspiration G,36.552186,-120.352481
ASTI,38.761389,-122.975278
Atascadero State Hospital,35.463333,-120.634011
Athos Solar Project,33.751283,-115.35499
Atkinson Farm Solar,34.896953,-77.795169
Atkinson Solar II,34.897,-77.792
Atood II,35.030303,-81.808469
ATOOD Solar III LLC,34.99647,-82.0421
"ATOOD Solar IV, LLC",34.27532,-78.061015
Atwell Island,35.895,-119.510833
Atwell Island West Solar,35.815,-119.459722
Audrey Solar,35.328056,-81.621944
Augusta Solar,34.124,-82.13
"Augustus Farm, LLC",35.599685,-77.639109
"Aulander Holloman Solar, LLC",36.29116,-77.066561
"Aulander Hwy 42 Solar, LLC",36.248563,-77.085241
"Auten Road Farm, LLC",35.30498,-81.13735
AV Solar Ranch One,34.780278,-118.42444
Avalon Dairy,35.716444,-119.430362
Avenal Park,35.989722,-120.11
Avenue 26 Solar,37.125754,-120.178792
AVI Bakersfield,35.076494,-118.93056
AVS Lancaster 1,34.748894,-117.973571
Axium Modesto Solar,37.734167,-120.995556
Ayrshire,35.283056,-81.615278
Badger,34.83896,-77.228776
Bailey Farm LLC,35.7875,-78.139722
Bakatsias Solar,36.072359,-79.347471
Baker PV 1,36.270278,-77.060278
Bakersfield 111,35.317551,-118.989894
Bakersfield Industrial PV 1,35.330032,-118.993119
Bakersfield PV 1,35.324982,-118.981522
Baldy Mesa Solar & Storage,34.609183,-117.454264
Ballenger Road Solar A,35.04354,-82.112843
Balsam,35.458889,-79.173889
Bani Solar,33.953775,-79.93713
Banner Solar,35.413724,-78.555424
"Barker Solar, LLC",34.635599,-78.928657
"Barnhill Road Solar, LLC",36.269175,-76.299469
Barnwell Solar,33.237,-81.351
Battleboro Farm,36.05864,-77.76077
Battleground,35.22,-81.33
Bay Branch Solar,35.4745,-77.1191
Bay Tree,34.70414,-78.393358
Bayboro Solar Farm,35.148339,-76.810226
"Bayshore Solar A, LLC",34.667817,-118.298089
"Bayshore Solar B, LLC",34.678305,-118.302649
"Bayshore Solar C, LLC",34.681338,-118.314087
BBARWA,34.267795,-116.815428
BCE Los Alamitos 1,33.7899,-118.0639
BCE Los Alamitos 2,33.7841,-118.0509
Beacon Solar Plant Site 2,35.265833,-117.999167
Beacon Solar Plant Site 5,35.248889,-118.034444
Beaker,35.597904,-77.609438
Bear Creek Solar,35.540344,-79.449053
Bear Creek Solar (CA),38.136389,-121.148889
Bear Creek Solar (Lodi),38.136389,-121.148889
Bear Creek Solar (NC),35.540344,-79.449053
Bearford Farm Solar Project,34.61,-77.924167
Bearford Solar II,34.611944,-77.928889
BearPond Solar Center LLC,36.276111,-78.377222
"Beaufort Solar, LLC",35.456,-77.134
Beckwith Solar,34.151927,-78.89158
Beetle Solar,35.1785,-81.665
Belafonte,35.161492,-78.090148
Bell Bay Solar Farm,33.667675,-78.917988
Belwood Farm,35.47,-81.508333
"Benson Solar, LLC",35.3962,-78.56223
Benthall Bridge PV 1,36.42,-77.100278
Beringer,38.510833,-122.479722
Bernhardt Furniture Solar Farm,35.84995,-81.540861
Berrenda Mesa Water District,35.613342,-119.866763
Berry Road Solar,34.639249,-82.328691
Beth,35.975586,-79.618368
"Bethel Price Solar, LLC",35.794722,-77.381111
Bethel Solar,35.794328,-77.384542
Beulah Solar,33.945207,-81.571162
Beulaville,34.9,-77.78
"BG Stewart Solar Farm, LLC",34.970486,-80.389622
Big Bear,34.015287,-118.192851
Big Boy,36.07767,-79.633767
"BigBeau Solar, LLC",34.907041,-118.344077
Bio-Rad,38.022486,-122.273663
Birch Solar,34.267992,-79.868581
Birch Solar (SC),34.267992,-79.868581
Biscoe Solar LLC,35.383889,-79.770278
Bishop Ranch - BR 1-Y,37.76217,-121.9579
Bishop Ranch - BR 8-P,37.76819,-121.9666
Bishop Ranch BR 1-X,37.759761,-121.955956
"Bishopville Solar II, LLC",34.2081,-80.22832
"Bizzell Church Solar 1, LLC",35.549401,-78.179859
Bizzell Church Solar 2,35.544405,-78.177204
Blackjack Solar,36.181538,-121.026685
Blacktip Solar,33.900481,-79.755961
"Blackville Solar Farm, LLC",33.342619,-81.258933
Blackville Solar II,33.344319,-81.261774
Blackwell Solar Park,35.612,-119.845
Bladen Solar,34.823522,-78.62345
Bladenboro Farm,34.535,-78.813056
Bladenboro Solar 2,34.536,-78.799
"Bladenboro Solar, LLC",34.547761,-78.817652
Bloom Solar,33.610454,-80.336613
Blue Moon Farms,36.028854,-119.40154
"Blue Skies Solar, LLC",34.98809,-118.908812
Blueberry One,35.313889,-78.154167
Bluebird Solar SC LLC,34.599083,-82.739217
Blythe Mesa Solar II,33.640813,-114.680261
"Blythe Solar 110, LLC",33.68,-114.742
"Blythe Solar II, LLC",33.68,-114.73
"Blythe Solar IV, LLC",33.682,-114.768
BMW Manufacturing Co,34.894167,-82.178333
Bo Biggs Solar,34.58125,-78.94951
Boaz Farm Solar,35.46777,-79.13444
Bob Wiley Detention Center,36.454,-119.312
Bodega Avenue Solar LLC,38.26147,-122.7373
Bolthouse S&P and Rowen Farms Solar,34.5644,-117.6933
Bolton Farm,36.421617,-78.132311
Bond Solar,33.617189,-80.362997
Bondi Solar,35.134054,-77.53849
Bonefish Solar,33.720936,-80.190821
Borden Solar Farm,36.941111,-119.96
Boseman Solar Center LLC,36.008056,-77.81
Boykin PV1,35.113386,-78.750423
Bradley PV1,36.260556,-77.076389
Brantley Solar,35.890485,-78.155153
BRE,36.372546,-78.598507
BRE NC Solar 3,36.383,-78.612
Briarwood,34.08475,-82.10133
Brick City Solar,34.726402,-77.983449
Brighter Future Solar,35.816094,-81.371656
"Broad River Solar, LLC",35.188,-81.751
Broadridge Cogen,38.6183,-121.0564
"Broadridge Solar, LLC",34.522942,-78.957206
Broadway 2 - UC Riverside,33.97034,-117.33101
Broadway 3 - UC Merced 1,37.36448,-120.43108
Broadway 3 - UCSB Lot 38,34.41974,-119.85637
Broadway 4 - Target Shafter,35.46331,-119.18912
"Broadway Road Solar, LLC",35.457056,-79.094164
"Broadway Solar Center, LLC",34.309261,-78.831433
Bryant Road Solar,35.01308,-81.928709
Buckleberry Solar,35.380683,-77.405992
Buddy Solar,35.541944,-80.363333
Buidling L,33.912917,-118.041944
Building F,33.914356,-118.050189
Building G,33.912917,-118.050561
"Bullock Solar, LLC",36.475369,-78.315078
"Bunn Level Farm, LLC",35.308639,-78.774331
"Burgaw Solar, LLC",34.536,-77.911678
Butler-Warner Generation Plant,35.0986,-78.8294
Butte College Main Campus Solar,39.648056,-121.644167
"Buttercup Solar, LLC",34.82354,-77.97275
Byron Highway Solar,37.847114,-121.617308
CA - DGS RFP - RJ Donovan State Prison,35.582,-116.924
CA - Fresno County - Juvenile Hall,36.661113,-119.725975
CA - Madera USD - Madera South HS,36.95,-120.05
CA - Ventura Co CCD - Moorpark College,34.299721,-118.833462
CA Dept of Public Health at Richmond,37.92,-122.344
"CA Flats Solar 130, LLC",35.615573,-120.404352
"CA Flats Solar 150, LLC",35.615573,-120.404352
CA Institute for Women,33.949722,-117.636427
CA Jurupa Valley 3251 De Forest Circle,34.026711,-117.521139
CA Manteca 730 Spreckels Ave,37.788679,-121.194505
CA-DGS RFP-Pleasant Valley State Prison,36.130814,-120.252862
CA-DGS RFP-Salinas Valley State Prison,36.467471,-121.384486
CA-DGS- RFP-Correctional Training Fac,36.46767,-121.38462
CA-DGS-California Correctional Inst,35.1135,-118.569
CA-DGS-California Men's Colony,35.32554,-120.69346
CA-Ventura Co CCD-Oxnard College Canopy,34.165905,-119.156765
"Cabin Creek Solar, LLC",35.33604,-79.741698
Cabrillo College,36.987452,-121.922414
CalCity Solar 1,35.141374,-117.965748
Calibrant Bakersfield LLC,35.442085,-119.093214
California City,35.157,-117.981
California PV Energy at ISD WWTP,38.001111,-121.703889
California State Univ at Channel Islands,34.162058,-119.043375
California Valley Solar Ranch,35.323739,-119.91663
Calipatria Solar Farm,33.165833,-115.532222
Calipatria State Prison,33.163055,-115.484805
CalRenew-1,36.7575,-120.3658
"Camden Dam Solar, LLC",36.311822,-76.125847
Camden Solar LLC,36.30786,-76.144486
Cameron Solar,33.574,-80.707
Cameron Solar II,33.567,-80.699
Camp Lejeune Solar,34.725699,-77.350273
Camp Lejeune Solar and Energy Storage,34.725699,-77.350273
Camp San Luis Obispo,35.322043,-120.732275
Campo Verde Solar,32.753333,-115.726389
"Canal Energy S23, LLC",36.1761,-119.5604
Candace Solar,35.487,-78.1922
Cantua Solar Station,36.425085,-120.343543
Cardinal Solar LLC,34.199824,-79.38585
Carl Friedrich Gauss Solar,36.345842,-77.633477
Carol Jean Solar,36.316111,-80.144444
Carolina Lily Solar,35.956,-80.444
Carter PV1,35.021111,-78.7875
Cascade Solar,34.157222,-116.234444
"Case Vander Eyk, Jr Dairy Solar",35.972788,-119.394323
Cash Solar,36.02818,-77.923306
Castaic Lake Phase II,34.433332,-118.510837
Castalia Solar,36.0939,-77.783333
Castle Rock Vineyards,35.801111,-119.110556
Catalina Express,33.749947,-118.278469
"Catalina Solar 2, LLC",34.812222,-118.352778
Catalina Solar LLC,34.938261,-118.334492
Catawba Solar LLC,35.61,-80.53
"Cathcart Solar, LLC",34.333898,-78.75281
Cawelo Water District Solar,35.049,-119.1812
"CB Bladen Solar, LLC",34.822869,-78.624278
CBC Solar Energy Gen Fac Phase 2,35.674444,-78.526111
CBS Television City,34.075,-118.36
CDCR (CA) - Corcoran State Prison,36.06502,-119.55756
CDCR (CA) - Pleasant Valley State Prison,36.137219,-120.224445
CDCR (CA) - Solano State Prison,38.32272,-121.97062
CDCR (CA) - Wasco State Prison,35.60053,-119.40366
CED Avenal,35.996324,-120.15146
CED Ducor 1,35.856278,-119.068414
CED Ducor 2,35.844167,-119.068069
CED Ducor 3,35.845378,-119.056992
CED Ducor 4,35.850403,-119.026992
"Cedar Solar, LLC",34.915767,-77.775743
"Centerfield Cooper Solar, LLC",34.708762,-80.118838
Centinela Solar Energy,32.686944,-115.647778
Centinela State Prison,32.825833,-115.782916
Central 40,37.246,-121.104
Central Antelope Dry Ranch B LLC,34.705549,-118.301417
Central Antelope Dry Ranch C,34.720499,-118.30046
Century Drive Solar Farm,35.837841,-78.6689
CFW Solar X LLC - Vaughn,34.277355,-118.429836
Chadbourn Farm,34.324656,-78.764901
Chaffey College Rancho Cucamonga Campus,34.148139,-117.570404
Chambers 4 - Eastvale DCA2,33.99347,-117.55391
Chambers 4 - Eastvale LGB3,33.99848,-117.55289
Chambers 4 - Redland LGB4,34.08041,-117.20138
Chambers 4 - Rialto LGB8,34.12937,-117.40554
Chambers 4 - Riverside LGB6,33.88102,-117.30036
Chambers 4 - Sacramento SMF1,38.68251,-121.57434
Chambers 4 - San Bernardino SNA7,34.07752,-117.27257
Champion Solar,33.794732,-81.262417
Changeup,35.74901,-79.78553
Chapman Solar,34.369819,-80.024808
Charlie,35.97485,-79.60948
Charlotte Solar,35.261944,-81.821667
Chauncey Farm LLC,34.3375,-78.521944
Chei Solar,35.8918,-78.1823
Cherry Blossom Solar LLC,33.762185,-79.458012
Chestnut,36.160164,-119.904936
Chestnut Solar,36.18,-77.712
"Choco Solar, LLC",35.482032,-77.113067
Chocowinity Solar LLC,35.515,-77.09
Chowan Jehu Solar,36.283778,-76.602304
Chuckawalla Solar,33.568333,-114.918056
Chuckawalla Valley State Prison,33.565329,-114.903629
CID Solar (CA),36.140764,-119.566896
"CID Solar, LLC",36.138056,-119.564722
Cirrus Solar LLC,35.969444,-78.265
Citizen B,36.723806,-120.432139
Citizens Imperial Solar,33.191661,-115.433783
City of Atwater NEM,37.274,-120.629
City of Hayward WWTP,37.633526,-122.139717
City of Long Beach Airport Lot A & B,33.81516,-118.141168
City of Madera WWTP,36.9408,-120.1572
City of Rosamond (CA),34.835677,-118.146832
Civic Center East,36.33,-119.317
"Clear Solar I, LLC",35.308314,-81.841826
"Cline Solar Farm, LLC",35.72,-81.417
Clipperton Holdings,34.966944,-78.354444
Clipperton Holdings LLC,34.966944,-78.354444
Clovelly Solar,35.416929,-78.773252
Cloverdale Solar Center,38.769581,-123.020724
Cloverdale Solar I,38.773056,-123.017778
Clovis East High School,36.799669,-119.640598
Clovis High School,36.817101,-119.681918
Clovis North High School,36.890115,-119.736674
"Coats Solar Farm, LLC",35.414507,-78.690576
"Cohen Farm Solar, LLC",35.557224,-79.195789
Colgreen North Shore Solar Farm,33.540124,-115.974771
Colice Hall Solar,36.323266,-77.010069
Colleton Solar Farm,32.913333,-80.6925
Colon PV,33.792694,-118.252407
"Colton Solar One, LLC",34.093333,-117.319444
"Colton Solar Two, LLC",34.042222,-117.361667
"Columbia Solar Energy, LLC",38.019671,-121.86506
Community Solar 1,32.982778,-115.481944
Concord Farm,35.444235,-80.663641
"Conetoe II Solar, LLC",35.822,-77.481
Conetoe Solar,35.825182,-77.457772
Coogee Solar,35.150766,-76.823601
Cookstown,35.436844,-77.973754
Copperfield,35.340067,-79.991158
Corcoran,36.102307,-119.566516
Corcoran Irrigation District,36.140764,-119.566896
Corcoran Solar,36.138333,-119.573333
Corcoran Solar 2,36.141944,-119.581667
Corcoran Solar 3,36.15042,-119.58542
Cork Oak Solar,36.371,-77.571
"Cornwall Solar Center, LLC",36.366944,-78.626111
Coronal Lost Hills,35.726667,-119.905833
Coronus Adelanto West 1,34.548056,-117.464444
Coronus Adelanto West 2,34.548056,-117.464444
Costa View Farms,36.99,-120.308
"Cotten Farm, LLC",35.528489,-79.198481
"Cottonwood Solar, LLC",36.50806,-77.61444
"Cottonwood Solar, LLC (City of Corcoran)",36.134444,-119.554444
"Cottonwood Solar, LLC (Goose Lake)",35.593611,-119.58
"Cottonwood Solar, LLC Cottonwood Carport",38.129759,-122.568158
"Cougar Solar, LLC",35.462405,-79.180654
"County Home Solar Center, LLC",35.263255,-81.508684
County Home Solar LLC,34.925452,-79.722852
County of San Diego SBRC,32.63266,-117.07775
"Creech Solar 2, LLC",35.72196,-78.60434
Crestwood Solar Center LLC,36.353533,-78.584212
"Creswell Alligood Solar, LLC",35.898889,-76.379444
Crockett Farm,35.230833,-77.5525
Crooked Run,34.67704,-77.977497
Crown,34.648205,-80.719878
Crown Cooling Facility,32.967222,-115.5325
"Cruise Solar, LLC",34.69193,-77.543559
Crystal Farms Local Solar,36.633807,-120.177104
"CS Murphy Point, LLC",34.989539,-84.166197
CSD 2 - Heritage High,37.921944,-121.755556
CSD 2- Freedom High,37.969722,-121.719444
CSP Los Angeles,34.694314,-118.227759
CSU Fresno Solar Project,36.809841,-119.741665
CSU Long Beach Lots 7 & 14,33.78104,-118.11357
CSU Sacramento I,38.553,-121.422
CSU San Jose State University,37.334,-121.884
CSUF Nutwood Solar,33.87912,-117.8887
CSUF State College,33.87912,-117.8887
CSUF Trigeneration,33.880638,-117.88656
"Cubera Solar, LLC",35.330022,-78.610091
"Currin Solar, LLC",36.289625,-78.633283
"Cuyama Solar, LLC",34.901,-119.596
D'Arrigo Brothers - Phase 4,36.616,-121.636
Daggett 2,34.860918,-116.855281
Danell Bros Inc,36.267574,-119.631577
Daniel Farm LLC,35.848889,-80.553611
"Darlington Solar, LLC",34.32,-79.917
Davidson III,35.740813,-80.287853
Davidson IV,35.740813,-80.287853
Davidson V,35.740813,-80.287853
"Davis Lane Solar, LLC",36.107345,-76.52924
Daystar Solar,35.035589,-77.202453
DD Fayetteville Solar NC LLC,34.834444,-78.843611
DE Solar 10240 Old Dowd Rd,35.2458,-80.9967
DE Solar 1725 Drywall Dr,35.3261,-80.9967
DE Solar 657 Brigham Rd,36.1053,-79.9692
Deep Branch Farm,34.670842,-79.199375
Deer Creek 2,38.628,-120.984
Delano Land 1,35.761217,-119.344408
Delco Farm,34.318997,-78.20905
Delta Electronics Fremont,37.48963,-121.949
Dement Farm LLC,36.27,-78.348333
Denmark Solar,33.347128,-81.142844
Department of Justice,38.548056,-121.44855
Dept of General Services -FTB,38.565,-121.343
Desert Green Solar Farm LLC,33.27055,-116.34805
Desert Harvest II LLC,33.8,-115.38
"Desert Harvest, LLC",33.8,-115.38
Desert Hot Springs Solar,33.923056,-116.53
Desert Quartzite,33.565,-114.753
"Desert Sunlight 250, LLC",33.8055,-115.3947
"Desert Sunlight 300, LLC",33.823056,-115.393889
Dessie Solar Center LLC,34.302778,-78.835833
DGS Central California Womens Facility,37.089701,-120.149966
DGS Valley State Prison,37.10117,-120.153072
DGS Wasco State Prison,35.593903,-119.407215
Diamond Solar,33.786193,-81.273625
Diamond Valley Solar Project,33.713056,-117.0725
Dibrell Farm,36.471667,-79.528056
Dinuba Wastewater Treatment Plant,36.538056,-119.426388
"Dissigno Healdsburg FPV, LLC",38.584405,-122.866189
Division 1,34.708333,-118.130556
Division 2,34.708333,-118.130556
Division 3,34.708333,-118.130556
Dixie Creek Dairy Solar,36.29907,-119.500218
Dixon Dairy Road Solar,35.199167,-81.410833
"Dogwood Solar, LLC",36.125,-77.409167
Donaghy-Stockton,37.909523,-121.194893
Double J Dairy Array,36.362673,-119.426019
Dover Dairy,36.415526,-119.553653
Downs Farm Solar,36.361944,-76.916944
Dragstrip Farm,35.758056,-81.416111
Drew Solar LLC,32.687195,-115.665593
DSH (CA) - Coalinga State Hospital,36.13726,-120.218453
Dulles,34.030119,-117.517753
Dunn,35.34854,-78.5532
Duplin Solar I LLC (160 Houston Lane),34.960083,-77.980388
Duplin Solar LLC,35.011944,-78.078333
Durham Solar,36.004941,-78.848475
E&B Resources,35.534584,-119.060029
EAFB - North Base,34.9325,-117.907222
EAFB - South Base,34.917222,-117.900278
Eagle Creek,35.214023,-119.39522
Eagle Solar,36.458327,-78.155087
East Nash PV2,35.955653,-78.093622
East Wayne Solar LLC,35.441667,-77.85
Eastover Farm,34.742222,-79.463056
Eastover Solar,33.918542,-80.6467
Eden Solar LLC,35.148503,-79.636372
Edenton Solar,36.054,-76.544
Edison Farm,36.51703,-79.709226
Edison Solar,33.244191,-81.386156
Edwards Air Force Base,34.9077,-117.9206
Edwards Sanborn E1A,34.961922,-118.124208
Edwards Sanborn E1B,34.964033,-118.094144
Edwards Sanborn E2,34.941507,-118.129025
Edwards Sanborn E3,34.946324,-118.126489
Edwards Sanborn E4,34.943575,-118.087989
Edwards Sanborn S1,35.02769,-118.13284
Edwards Sanborn S3,35.01644,-118.1225
Edwards Sanborn S4,35.012467,-118.119264
El Dorado County,38.698145,-120.828256
"El Dorado Solar, LLC",38.637,-121.059
ELACC Photovoltaic Power Facility,34.040278,-118.148056
"Eland Solar & Storage Center, Phase 1 Hy",35.2237,-117.977
Elevation Solar C,34.730263,-118.30425
Elk Solar LLC,34.983948,-79.276705
Elkhorn Dairy,36.47229,-119.346653
Ellerbe,35.1,-79.73
Elliana Solar,36.131111,-79.3325
Elm City Solar Facility,35.781111,-77.846944
"Elm Solar, LLC",35.453828,-79.189525
EMWD - Moreno Valley RWRF,33.868252,-117.214055
EMWD - Perris Valley RWRF,33.75998,-117.18766
EMWD - San Jacinto RES BCT,33.802869,-117.023567
EMWD - San Jacinto RWRF NEM,33.798547,-117.016588
EMWD - Sun City RWRF,33.696146,-117.218621
Enerparc CA1 LLC,36.831667,-121.404167
"Enerparc CA2, LLC",39.69898,-122.175583
"Ennis Solar, LLC",35.421964,-78.721683
"Eros Solar, LLC",35.16513,-78.08025
ESA Albemarle NC Solar,35.39606,-80.123649
"ESA Boston Solar, LLC",36.486008,-78.921771
"ESA Buies Creek, LLC",35.41424,-78.71433
ESA Four Oaks 2 NC LLC,35.416104,-78.409231
"ESA Hamlet NC , LLC",34.879581,-79.673277
ESA Selma,35.5262,-78.2898
ESA Smithfield,35.48835,-78.319751
"ESCA-LL-COLTON, LLC",34.03925,-117.36056
Estill Solar,32.763843,-81.242151
Estill Solar II,32.727842,-81.253453
Estrella Solar & Storage,34.807789,-118.316504
Everett PV1,35.821137,-77.30957
"Everetts Wildcat Solar, LLC",35.847222,-77.111389
Exeter Solar,36.2675,-119.128581
Expressway Solar A,34.582222,-117.341667
Expressway Solar B,34.583333,-117.340278
Expressway Solar C2,34.584444,-117.341389
"Exum Farm Solar, LLC",35.370441,-77.4549
FAA NorCal TRACON,38.559533,-121.257556
Facile Solar,36.098889,-79.493889
Fairmont-FLS 100,34.52,-79.13
Faison Solar,35.069722,-78.116111
Farmersville,36.19,-119.12
Farrington Farm,35.832778,-79.025
Fern Solar LLC,36.003272,-77.696443
Firebaugh-CCS-PV-1,36.734667,-120.612773
Firestone Walker Brewery - Phase 1,35.595877,-120.694306
Fisher Solar Farm - NC,35.24125,-80.03465
Five Forks Solar,36.515544,-78.033704
Five Points Solar Park,36.386944,-120.236667
Five Points Solar Station,36.400278,-120.103333
Flash Solar,35.758056,-81.229444
Flat Meeks PV 1,35.806667,-77.270556
Flatwood Farm,35.588,-79.0323
Flemming Solar Center LLC,35.668889,-77.383889
"Flint Hill Solar, LLC",35.40274,-79.55308
Flowers Solar LLC,35.41218,-78.603088
Floyd Road Solar Farm,36.50592,-77.677474
"FLS Solar 170, LLC",34.6,-78.97
"FLS Solar 200, LLC",34.581944,-78.94
FLS Solar 230 (Warren),35.016111,-77.821944
Folsom SP and CSP Sacramento,38.687,-121.16
Foothill Sanitary Landfill - Solar Array,38.042352,-120.933761
"Forever 21 Retail, Inc.",34.071389,-118.196111
Fort Bragg - Camp Mackall PV BESS System,35.029,-79.485
Fox Creek Solar,36.126912,-78.273106
Foxfire Solar Farm,35.220556,-79.551944
Francisco St. Solar,33.8482,-118.3055
Franklin Solar 2,36.126944,-78.1525
"Franklin Solar, LLC",36.0975,-78.167778
Franklinton Solar,36.08113,-78.35384
Freedom Solar,34.287,-79.148
Freemont Solar Center LLC,35.427587,-80.997219
Freeway Springs,33.892614,-118.037564
"Freight Line Solar, LLC",34.96885,-77.76236
Fremont - Kato Rd,37.479188,-121.932263
Fremont CA AutoFactory,37.49254,-121.94458
Fremont Farm,35.531944,-77.969167
Fremont Farm LLC,35.531944,-77.969167
Fresno Community Solar,36.696,-119.885
Fresno Solar,36.616846,-120.105144
Frontier HS Solar Project,35.41824,-119.14888
Frontier Solar LLC,37.379919,-121.130661
FRV SI Transport Solar LP,38.4869,-121.3911
FTF-PackingShed,36.546901,-119.430179
Fuquay Farm,35.564354,-78.710261
Gaines Solar,34.192353,-80.218533
"Gainey Solar, LLC",34.499,-78.653
Gamble Solar,35.348375,-81.817362
Gap Pacific Distribution Center,36.781606,-119.706911
Garnet Solar Generation Station I LLC,33.8906,-116.5431
Gary Solar,34.199094,-80.221678
Garysburg Solar,36.468,-77.592
Gaskell West 1 Solar Facility,34.832786,-118.563578
Gaston II,33.778378,-81.110251
Gaston Solar,36.514722,-77.656111
Gaston Solar I - SC,33.774657,-81.110546
Gaston Solar Power Plant,35.3224,-81.1343
Gastonia Solar Center,35.229033,-81.189078
Gates Solar LLC,36.450833,-76.803611
Gates Solar Station,36.176389,-120.114167
Genentech Vacaville Meter #1,38.390756,-121.94777
"Germantown Solar, LLC",36.24634,-80.25463
Giffen,36.530278,-120.316111
Giffen Solar Park,36.544722,-120.316111
Gilead,35.198537,-80.013247
Gilead Foster City Solar Project,37.568597,-122.27797
Gilead Oceanside Solar Project,33.213138,-117.304166
Gilead Sciences La Verne Rooftop Solar,34.09623,-117.781867
GKS Solar,36.248333,-76.501944
Gladstone Farm,35.213491,-79.557136
Gliden (Op Zone),36.30161,-76.60357
Gold Mine,34.0726,-82.2263
"Golden Field Solar III, LLC",34.847,-118.395
"Golden Fields Solar I, LLC",34.839012,-118.386843
Golden Springs Building C-1,33.914167,-118.053611
Golden Springs Building D,33.911944,-118.052222
Goldenrod Solar,33.962884,-79.562891
Google Bayhill Solar PV and Microgrid,37.626915,-122.428286
Google Moffett Park Solar Project,37.405313,-122.017498
Government Plaza Solar,36.278,-119.317
Graham Solar Center LLC,34.309722,-79.014444
Grandy PV 1,36.233611,-75.880833
Granger,33.2704,-117.0588
Graniterock Quarry,36.878164,-121.6028
Granville Solar PV Power Project,36.411667,-78.593889
Grassland 1&2 Solar Project,38.500278,-121.694167
Grassland 3&4 Solar Project,38.500278,-121.694167
Gray Fox Solar LLC,34.862599,-79.140714
"Great Valley Solar Portfolio Holdings, L",36.581182,-120.37957
"Great Valley Solar Portfolio Holdings, LLC",36.581182,-120.37957
Green Acres Solar Facility 1,38.282021,-121.464676
Green Acres Solar Facility 2,38.28357,-121.461264
Green Beanworks B PV,34.688042,-117.989541
Green Beanworks C PV,34.597,-117.931
Green Beanworks D PV,34.654976,-118.08215
Green Farm,35.831667,-77.269722
Gridley Main,39.373333,-121.684167
Gridley Main Two,39.373333,-121.681667
"Grissom Solar, LLC",36.23891,-77.897552
Grossmont College,32.816578,-117.006302
Grossmont HS Solar Project,32.816542,-116.999589
Grossmont-Cuyamaca-Cuyamaca Col. Solar &,32.7466,-116.9389
Grove Solar,35.16922,-77.1182
Guadalupe Solar Farm,37.269039,-121.861079
Guernsey Solar Station,36.163889,-119.650556
"Gunsight Solar, LLC",33.761136,-81.066705
Gutenberg Solar,36.486428,-77.534825
Haley Solar,33.023402,-81.29337
Halifax,36.441944,-77.711389
Halifax (NC),36.441944,-77.711389
Hall Solar Energy Storage,34.799,-77.947
Hamlet Solar Energy Storage,34.846047,-79.734007
Hampton Solar 2,32.881,-81.136
Hampton Solar I,32.879,-81.133
Hanford 1 and 2,36.306667,-119.629167
"Hanover Solar, LLC",34.800947,-77.213772
Happy Solar,35.3965,-78.5108
"Harding Solar, LLC",35.384636,-77.611614
"Hardison Farm Solar, LLC",35.83079,-77.02194
Harrell's Hill Solar Center LLC,35.211944,-78.100833
Harris Farms Solar Facility,36.253184,-120.229268
"Harrison Solar, LLC",34.984262,-78.524535
"Harts Mill Solar, LLC",35.9,-77.64
"Harvest Beulaville, LLC",34.90389,-77.784167
Hawtree Solar,36.533,-78.105
"Hayes Solar, LLC",36.388216,-80.737407
Haynes Farm,35.525833,-81.235278
Haywood Farm Solar,35.343,-79.915
"Haywood Farm Solar, LLC",35.343,-79.915
Hayworth Solar,35.325278,-118.878611
"HCE Johnston I, LLC",35.560002,-78.59453
HCE Moore I,35.13432,-79.419519
Heber Solar,32.7125,-115.540556
Hecate Energy Beacon Solar 1,35.269444,-118.014444
Hecate Energy Beacon Solar 3,35.253056,-118.014722
Hecate Energy Beacon Solar 4,35.253611,-118.026944
"Hecate Energy West Newberry, LLC",34.249814,-81.648947
Hector Farm,35.376236,-79.909719
Heedeh Solar,34.308744,-78.221475
Heliocentric,34.65434,-117.971004
Hellyer Solar Farm,37.286958,-121.81508
Hemlock Solar,36.469089,-77.597517
Henrietta Solar Project,36.218806,-119.805833
Henry Farm,35.859618,-79.577907
Henry Gibson Solar,34.780905,-79.569574
Henry Miller RD,37.0543,-120.63523
Hertford Solar Farm,36.13026,-76.490915
"Hertford Solar Power, LLC",36.268007,-77.028205
Hesperia,34.435,-117.378056
"Hew Fulton Farm, LLC",34.784039,-79.474542
Hickory,34.802222,-78.009167
High Shoals PV1,35.396478,-81.219144
"Highest Power Solar, LLC",36.12,-78.25
Highland Solar Center LLC,35.363889,-77.451944
Highwater Solar I,35.433889,-77.99
HL Solar,40.373,-120.262
HL Solar (Lassen),40.373,-120.262
Hollister Solar LLC,36.8625,-121.428889
Hollister Wastewater Facility,36.857193,-121.445858
"Holly Swamp Solar, LLC",34.662627,-79.132926
Holstein Plant,34.774167,-79.340833
Hood Farm Solar,35.205,-77.497
"Hood Farm Solar, LLC",35.205,-77.497
Hopewell Friends,35.62845,-79.8727
Horn,34.708889,-118.274167
Hot Springs Energy Storage & Microgrid,35.89071,-82.82513
"Howell Midland Farm, LLC",35.225669,-80.543086
"Hubble Solar, LLC",34.301189,-78.709612
Huntley,33.335583,-80.634174
Huron Solar Station,36.181389,-120.030555
Husky Solar,36.2847,-79.5667
Hutchinson Farm,35.260833,-81.515833
HWY 158 PV,36.423222,-77.073839
HXNAir Solar One,36.348734,-77.631511
IGS KSBD,34.10535,-117.23477
IGS OXR1,34.212521,-119.129688
IGS SBD1,34.038735,-117.38485
IGS SBD2,34.073555,-117.281419
IKEA Tejon 345,34.975278,-118.946944
Imperial Solar Energy Center South,32.663289,-115.658284
Imperial Solar Energy Center West,32.772225,-115.779311
"Imperial Valley Solar Co (IVSC) 2, LLC",33.252222,-115.4975
Imperial Valley Solar Company 1 LLC,33.245833,-115.496667
"Imperial Valley Solar, LLC",32.671099,-115.587265
Improvement Dst No. 4,35.402778,-119.038611
Industry MetroLink PV 1,34.008661,-117.845603
Industry Solar Power Generation Station,34.553056,-117.456944
Industry Solar Power Generation Station 1 LLC,34.553056,-117.456944
Innovative Solar 10,35.473629,-82.890319
"Innovative Solar 14, LLC",35.368889,-82.3575
"Innovative Solar 15, LLC",35.319444,-81.764167
Innovative Solar 16,35.363863,-82.350001
"Innovative Solar 18, LLC",35.378187,-81.795051
Innovative Solar 23,35.259825,-81.419019
"Innovative Solar 26, LLC",35.70974,-81.413308
Innovative Solar 31,34.539425,-78.755394
Innovative Solar 35,35.046,-77.825
"Innovative Solar 35, LLC",35.046,-77.825
Innovative Solar 37,34.838297,-79.943889
Innovative Solar 37 LLC,34.838297,-79.943889
Innovative Solar 42,34.847627,-78.877359
Innovative Solar 44,34.85735,-79.10391
Innovative Solar 46,34.918194,-78.94355
Innovative Solar 47,34.801933,-79.332447
Innovative Solar 48,34.711628,-79.30235
Innovative Solar 54,35.213697,-77.712408
Innovative Solar 55,34.69648,-79.21681
Innovative Solar 59,36.094719,-77.97928
"Innovative Solar 59, LLC",36.094719,-77.97928
Innovative Solar 6,35.6575,-82.710278
Innovative Solar 60,36.091,-77.992
"Innovative Solar 60, LLC",36.091,-77.992
"Innovative Solar 63, LLC",35.39169,-77.620395
Innovative Solar 64,35.041048,-78.329675
Innovative Solar 65,34.7587,-79.5
Innovative Solar 67,34.623309,-78.005377
Intel Folsom,38.645119,-121.172999
Intel Folsom Phase 2,38.643611,-121.163889
Intel Folsom Phase 3,38.645961,-121.162623
IOS II-LAX9,34.09,-117.45
IPC 25 Solar,37.739193,-121.536855
Ironwood Solar LLC,33.565,-114.918056
Ivanhoe Solar,36.3875,-119.255
IVC Solar,32.83186,-115.506629
Jackson Solar Farm,35.75,-77.83
Jacob Solar,36.2922,-79.6214
Jacumba Solar Farm,32.6212,-116.12896
Jakana Solar,35.875278,-77.081111
"Jamesville Road Solar, LLC",35.845354,-76.801491
Jamison Solar Farm,33.57398,-80.837105
"Java Solar, LLC",36.233522,-119.81634
JD Foods - JD Foods,36.70185,-119.74588
Jefferson Solar,34.349567,-80.058122
Jefferson Solar (SC),34.349567,-80.058122
Jersey Holdings,34.564307,-79.037483
Jessamine Solar,34.230544,-79.390606
Jester Solar,35.36118,-77.8861
Kalish Farm Solar,35.308176,-79.720544
Kathleen Solar,35.513769,-78.802384
KDC Solar Madera LLC,36.926,-120.104
Keen Farm,35.426667,-78.399983
Kelford,36.154227,-77.218502
Kelford (Cypress),36.154227,-77.218502
Kelford (Duke),36.148056,-77.211944
"Kelly Solar, LLC",36.391194,-78.449024
Kenansville,34.96,-78.04
"Kenansville Solar 2, LLC",34.957778,-77.981667
"Kenansville Solar Farm, LLC",34.97,-77.976111
Kendall Farm,35.850341,-79.555024
"Kennedy Solar, LLC",35.012282,-78.092185
Kenneth Solar,36.4338,-78.1526
Kern Del Oro,35.297931,-118.980874
Kern Valley SP,35.764049,-119.313756
Kettering Solar 1,34.700278,-118.123611
Kettering Solar 2,34.700278,-118.123611
Kettleman Solar -Centaurus,36.050833,-119.9475
Kettleman Solar Project,38.12139,-121.14122
Kilroy Solar,32.936137,-117.234157
Kingbird A Solar LLC,34.819,-118.432
"Kingbird B Solar, LLC",34.824206,-118.438547
Kings CSG 3 LLC Community Solar,36.24918,-119.8852
Kingsburg Solar,36.505278,-119.540278
Kinston,35.370556,-77.608333
Kinston Davis Farm,35.2184,-77.64259
Kinston Solar,35.351436,-77.472283
Kirkwall Holdings,34.988889,-78.1375
Kohls San Bernardino Solar Facility,34.094695,-117.266831
Kojak Farm,35.79915,-78.102178
KP South Sacramento Hospital Solar,38.46,-121.42
Kroger La Habra,33.922141,-117.939096
L-8 Solar Project,34.654347,-117.973103
La Joya Del Sol,36.678611,-119.7975
Lafayette 2 - Internal Services Dept,34.05,-118.18
"Lafayette Solar I, LLC",35.232396,-81.564248
Lake Elsinore Canopies - Lakeside HS,33.668,-117.383
Lake Herman,38.0971,-122.1417
Lancaster,34.743383,-117.972222
Lancaster Baptist Church,34.695833,-118.058889
Lancaster Dry Farm Ranch B,34.716944,-118.289444
Lancaster Little Rock,34.599444,-117.932778
Lancaster Solar 1,34.715,-118.095
Lancaster Solar 2,34.710556,-118.166111
Lancaster WAD B,34.780192,-118.19333
"Landrace Holdings, LLC",33.723937,-79.091998
"Lane II Solar, LLC",35.39977,-78.05327
Lane Solar,35.395,-78.051
Lang Solar Farm,35.19587,-77.502759
"Langdon Solar Farm, LLC",35.447278,-78.413481
Langley PV1,35.801944,-77.848889
Lanier Solar,34.898889,-77.808889
"Laredo Detention Facility - Solar 2, 3",35.510942,-119.109941
Las Virgenes,34.1265,-118.70404
Las Virgenes Municipal Water District,34.136111,-118.701944
Laurinburg Farm,34.764403,-79.442969
Laurinburg Solar,34.756481,-79.430243
"Laurinburg Solar, LLC (Heelstone)",34.707644,-79.29538
Lavio Solar,38.194599,-122.663388
"Leggett Solar, LLC",36.058,-77.623
Lemoore 1,36.257938,-119.798139
Lemoore West,36.30018,-119.82142
Lenoir Farm,35.331667,-77.666389
Lenoir Farm 2,35.350081,-77.475106
"Lerdo Detention Facility - Solar 2, 3",35.510942,-119.109941
Lewiston Solar,36.141111,-77.211111
Liberty HS Solar Project,35.364408,-119.127496
"Lick Creek Solar, LLC",36.283056,-80.128265
Lillington Solar,35.368,-78.801
Lily Solar,33.094931,-81.434842
"Limelight Solar I, LLC",34.94861,-81.987777
Limelight Solar II LLC,34.99389,-81.87819
"Limelight Solar III, LLC",34.956394,-81.979834
"Lincoln Solar, LLC (NC)",35.379505,-81.817582
Lindberg FIeld Solar,32.729238,-117.207718
Lindberg Field Solar 2,32.729444,-117.205083
Lindsay Solar,36.211944,-119.133889
Little Bear 3,36.716,-120.415
Little Bear 4,36.716,-120.415
Little Bear 5,36.716,-120.415
"Little Bear Solar 1, LLC",36.716,-120.415
Little River PV 1,35.538889,-79.804167
Little Rock Pham Solar,34.600231,-117.94751
Littlefield Solar Center LLC,35.433889,-77.438056
Lockhart Solar PV II,35.04351,-117.3489
"Lockhart Solar PV, LLC",35.0308,-117.3563
Lone Oak,36.270566,-119.518202
Lone Star Solar,33.648767,-80.639122
Lone Valley Solar Park I LLC,34.398059,-116.865517
Lone Valley Solar Park II LLC,34.408333,-116.8625
"Long Farm 46 Solar, LLC",36.467021,-77.617957
Long Henry Solar,35.195302,-77.895125
"Longboat Solar, LLC",34.541,-117.061
Lost Hills Oilfield,35.65,-119.85
Lost Hills/Blackwell,35.62,-119.85
Lotus,36.13621,-79.53957
Lowe Solar Energy Storage,35.718429,-79.909481
Luciana,35.823716,-119.062255
Ludie Brown Solar Energy Storage,34.831,-77.77
"Lux Solar, LLC",35.241145,-81.429433
Luz Solar,34.370203,-80.0273
Ma,34.695278,-118.0625
Maclay Solar Project,34.319722,-118.430833
"Madelyn Solar, LLC",34.768333,-117.323611
Madera 1 PV,37.056468,-120.167021
Madera Community Hospital,36.941111,-120.046667
"Magdaline Solar, LLC",34.12784,-80.14985
Maiden Creek Solar Power Plant,35.593,-81.167
Malech Solar Farm,37.228736,-121.738616
Manning PV 1,36.119167,-79.521389
Manteca Land PV,37.84013,-121.216191
Manway Solar Farm,34.745833,-78.429444
Mariani Packing Vacaville Solar,38.40008,-121.96366
"Maricopa West Solar PV, LLC",35.115278,-119.317778
Marin Clean Energy Solar One,37.945296,-122.377202
Marina South,33.717993,-118.275617
Mariposa Solar Center LLC,35.373889,-81.086944
Market Farm,36.390278,-79.647222
Marshall Solar,34.371908,-80.021614
Marshville Farm,34.988889,-80.383611
Martin Creek Farm LLC,36.286389,-78.386111
"Martins Creek Solar NC, LLC",35.020415,-84.015676
"Maverick Solar 4, LLC",33.7,-115.38
"Maverick Solar 6, LLC",33.7,-115.38
"Maverick Solar 7, LLC",33.7,-115.38
"Maverick Solar, LLC",33.7,-115.38
"Maxton Solar, LLC",34.71472,-79.31463
Mayberry Solar LLC,36.476667,-80.601111
MC1 Solar,35.8748,-77.1397
McCallum Farm,34.543889,-79.30219
"McGoogan Farm, LLC",34.888736,-79.062708
McGrigor Farm Solar,35.019771,-78.350088
McKenzie Farm,34.323889,-78.691944
McLean Homestead,34.781934,-79.497753
Meadowbrook Solar Farm,35.55543,-80.38589
Meadowlark Solar,35.551944,-79.023055
Meadows PV 1,35.836944,-77.126944
Medline Ind. Phase 2 Tracy,37.734761,-121.508945
"Meeks Solar, LLC",35.815556,-77.291111
Melinda Solar,36.2487,-78.3475
Merced 1 PV,36.989475,-120.878081
Merced Solar LLC,37.267778,-120.484444
Meridian Vineyards,35.670278,-120.566944
Meriwether Farm,36.288911,-78.604589
Metro Support Services Center Solar,34.0578,-118.229722
Midlands,33.648979,-80.942818
Midway Green Solar,34.421,-81.393
Midway Solar Farm 1,33.176627,-115.572788
Midway Solar Farm II,33.162056,-115.531694
Midway Solar Farm III,33.154761,-115.544918
Mile Farm,36.230561,-78.949586
"Mill Pond Solar Farm, LLC",34.307121,-78.701463
"Mill Pond Solar, LLC",35.829426,-76.790764
Millers Chapel Solar,35.360306,-77.898055
Millikan Farm,35.81771,-79.771085
Mills Anson Farm,34.968056,-79.935844
Milo Solar,36.148889,-79.348889
Minnie Solar,35.948056,-79.361944
Mira Loma,34.013056,-117.5375
Misenheimer Farm,35.468611,-80.293611
Misenheimer Solar LLC,35.478126,-80.300126
Mission Solar LLC,37.267778,-120.4825
"Mitchell Solar, LLC",34.765,-117.323611
Mocksville Farm,35.878611,-80.541944
Mocksville Solar,35.833889,-80.574444
Modlin Solar Farm,35.85028,-77.11023
Moffett Solar Project,32.620653,-80.995994
"Mohea Solar Energy Center, LLC",35.08849,-81.62438
Moncure Farm LLC,35.568333,-79.0325
Monroe Moore Farm,34.971944,-80.601944
Monroe Solar Facility,34.929945,-80.625615
Monterey Regional Water Pollution Contro,36.721111,-121.787778
Monterey Regional Water Pollution Control Agency,36.721111,-121.787778
Montgomery Solar LLC,35.344444,-79.768333
Moonlight Packing - Phase 2,36.585794,-119.469986
Moore Solar,36.38427,-79.48112
Moore Solar Farm,36.273192,-79.759203
Moorings Farm,35.305833,-77.829167
Moorings Farm 2,35.305747,-77.828889
"Moorings Farm 2, LLC",35.305747,-77.828889
Morelos del Sol,35.731362,-119.818712
"Morgan Farm, LLC",36.095572,-78.151987
Morgan Lancaster 1,34.6608,-118.0836
Morgan's Corner,36.421064,-76.364244
Morning View,35.546315,-79.742842
Mount Olive Farm,35.201944,-78.081667
Mount Olive Solar,35.18,-78.098
Mount Signal Solar Farm II,32.6685,-115.6292
Mount Signal Solar Farm V,32.678805,-115.56721
Mountain View Ind Park 1-sline001,34.050209,-117.460361
Moyer Solar,36.419826,-79.907098
Mt Olive Farm 2,35.218056,-78.069722
Mt Olive Solar 1,35.181111,-78.096944
"Mule Farm Solar, LLC",35.388245,-78.540283
Murdock Solar,35.6633,-78.5206
"Murphy Farm Power, LLC",34.999167,-84.157254
Mustang Solar,35.416167,-79.57597
Mustang Two,36.216806,-119.896389
Nash 58 Farm,36.047222,-78.030833
Nash 64 Farm,35.949444,-78.0925
Nash 97 Solar 2,35.8503,-78.2162
"Nash 97 Solar, LLC",35.84927,-78.21152
"Nashville Farms, LLC",36.034354,-78.010611
National Raisin,36.624512,-119.673088
Navajo Solar Power Generation Station 1,34.551111,-117.191111
Navajo Solar Power Generation Station 1 LLC,34.551111,-117.191111
Naval Air Weapons Station China Lake,35.68771,-117.68137
NC 102 Project LLC,35.2925,-80.4975
Neisler Street Solar,35.289757,-81.568878
Neuse River Solar Farm,35.714444,-78.498889
New Bern Farm,35.209564,-77.056725
Newton Grove,35.251628,-78.367439
NextEra Westside PV,36.381775,-120.134486
Niagara Bottling - Rialto,34.126094,-117.418451
Niagara Bottling Stockton,37.894817,-121.24891
Nick Solar,35.991111,-79.548056
Nickel 1 Solar Facility,35.647295,-119.716512
Nickelson Solar 2,34.7457,-77.988
"Nickelson Solar, LLC",34.747103,-77.987375
Nicolis Solar PV Plant,35.835833,-119.056111
Nitro Solar,35.486944,-78.313889
NLP Granger,33.2704,-117.0588
Nordhoff Place,34.236667,-118.565833
North 301 Solar,36.213,-77.624
North Bay Solar 1,38.300556,-121.966389
North Carolina Solar Bethea I,34.704722,-79.525833
North Carolina Solar III LLC,34.766667,-79.559722
North Juvenile Detention Center Solar,36.461,-119.32
North Kern 1,35.4691,-119.169
North Kern 2,35.4678,-119.1536
North Kern 3,35.5768,-119.1536
North Kern State Prison Phase II,35.780407,-119.30875
North Lancaster Ranch,34.719538,-118.31301
"North Nash Farm, LLC",36.070336,-78.038319
North Palm Springs 1A,33.924167,-116.593333
North Palm Springs 4A,33.909722,-116.5625
North Rosamond Solar LLC,34.862,-118.38
North Star Solar,36.73,-120.41
Nunn,34.509167,-117.154444
"Oak Trail Solar, LLC",36.5044,-76.1887
Oakboro Farm,34.795833,-79.538333
Oakley Solar Project,38.001667,-121.747778
Oakwood Solar,36.090512,-79.233185
Oberon II Solar Project,33.72899,-115.38238
Oberon Solar Project,33.72899,-115.38238
Occidental College Solar Project,34.1283,-118.206903
Ocotillo Wells,33.074673,-116.091228
Odyssey Solar,33.79,-81.266
"Ogburn Solar, LLC",34.66565,-80.39065
OK Produce Fresno Carport,36.723488,-119.774411
Old Caroleen Solar Farm,35.297715,-81.812045
Old Catawba PV 1,35.711667,-81.134167
Old Cedar Solar Energy Storage,35.713,-79.788
Old Pageland Monroe Road Solar Farm,34.95233,-80.48191
Old Wire Farm,34.817836,-79.513928
Oltmans SCE at Champagne,34.043889,-117.531111
Oltmans SCE at Jurupa,34.05,-117.596111
Omtanke Solar,33.133705,-80.253716
One Ten Partners PV,34.615622,-117.936594
Open Sky Dairy,36.459935,-120.029831
Open Sky Ranch Inc,36.46052,-120.030549
Orange Coast College PH2 Solar Project,33.672565,-117.91246
Organ Church Solar,35.525584,-80.451125
Orion Solar I,35.150694,-118.875
Orion Solar II,35.150694,-118.875278
Oro Loma,36.876847,-120.667608
Otarre Solar Park,33.9324,-81.0514
Otis Elevator Company Solar,34.23933,-79.79227
Otoe Solar Power Generation Station 1 LL,34.545,-117.191944
Otoe Solar Power Generation Station 1 LLC,34.545,-117.191944
Ouchchy PV1,36.084097,-79.24481
Overhill Solar,34.98247,-78.319062
Overman Solar,35.299225,-78.077183
Owen Solar,35.586111,-81.315278
Owens Valley Solar Project 11,36.275144,-118.012151
P66 Rodeo Solar,38.035,-122.247
PAC Aviation Solar,34.214543,-118.500571
Pacific Ethanol Madera Solar Array,36.916111,-119.97138
Page Solar,35.533191,-78.639456
Palmetto Plains,33.340179,-80.697336
Pamlico Partners Solar,35.501111,-76.87
"Panda Solar NC 1, LLC",34.436698,-79.090206
"Panda Solar NC 10, LLC",34.909631,-78.912997
"Panda Solar NC 11, LLC",34.908589,-78.912481
"Panda Solar NC 2, LLC",34.4384,-79.0847
"Panda Solar NC 3, LLC",34.631814,-79.090672
"Panda Solar NC 4, LLC",34.519408,-78.52434
"Panda Solar NC 5, LLC",35.047153,-78.810478
"Panda Solar NC 6, LLC",34.353586,-78.7874
"Panda Solar NC 7, LLC",35.121181,-78.205464
"Panda Solar NC 8, LLC",35.420931,-79.705958
"Panda Solar NC 9, LLC",34.910856,-78.9136
Panoche Valley Solar Farm,36.627,-120.879
Park Meridian #1,33.896111,-117.283611
Partin Solar,36.26801,-80.821936
Paso Robles - Municipal Airport,35.679378,-120.635889
Pasquotank,36.264722,-76.306111
Pate Farm,34.816667,-79.199444
PCIP Solar,36.3125,-78.9675
PCSP3 Airport,36.288056,-78.986111
Peake Road,36.271819,-78.653997
"Pecan Grove Solar, LLC",35.067661,-77.185206
Pecan PV1,34.909167,-79.829444
Pecan Solar,36.481008,-77.481164
Pelzer Solar I,34.657642,-82.501964
Penny Hill Solar,35.759,-77.513
Peony Solar,33.502,-81.254
"Perkins Solar, LLC",36.43741,-78.97198
PFMG Solar Grossmont Helix LLC,32.753281,-117.035241
"PG Solar, LLC",35.167164,-78.017811
Phelan Pinon Hills CSD Solar,34.57654,-117.58281
Phelps 158 Solar Farm,36.442636,-77.161514
"Phobos Solar, LLC",35.882921,-78.154961
Pierce College,34.183611,-118.574722
Pikeville Farm,35.478155,-77.979166
"Pilot Mountain Solar, LLC",36.27066,-80.37635
Pine Tree Solar Project,35.229635,-118.1957
"Pine Valley Solar Farm, LLC",35.21812,-79.529333
Pinesage,35.220823,-79.51909
Pinson Solar Farm,34.72,-82.06
Pivot Energy PPA 22,36.347335,-119.395705
Pleasant Hill PV1,36.53115,-77.550375
Plott Hound Solar,35.138,-77.092
Plymouth Solar LLC,35.875,-76.710556
Polk Farm,34.922572,-79.654447
Pollocksville Solar,34.998,-77.219
POM Beverage Solar,36.39026,-119.35792
POM Juice Solar,36.392479,-119.351133
POM Plant 2,36.656664,-119.592219
Port of LA Solar FiT Project,33.727977,-118.280032
"Portal Ridge Solar B, LLC",34.71647,-118.2821
"Portal Ridge Solar C, LLC",34.71412,-118.2739
Porter Solar,35.2167,-77.0743
Porterville 6 and 7,36.05,-119.02
Porterville Solar,36.102778,-119.039722
Powatan Road Solar,35.602063,-78.372088
Powhatan Solar Power Generation Station,34.496944,-117.145
Powhatan Solar Power Generation Station 1 LLC,34.496944,-117.145
Prairie,34.239244,-118.583575
Preferred Freezer San Leandro,37.711995,-122.150665
Princeton,35.504444,-78.192222
Progress Manis I,34.756389,-79.447222
"Progress Solar 1, LLC",35.948056,-78.250833
"Progress Solar II, LLC",34.476111,-79.0975
"Progress Solar III, LLC",34.714167,-79.353889
Prologis L.P,37.725044,-121.529783
PSREC/SIAD Solar,40.15006,-120.123352
Pumpjack Solar I,35.305556,-119.6225
Putah Creek Solar Farm,38.521111,-121.993889
"PVN Milliken, LLC",34.038433,-117.565802
Quarter Horse Solar,34.437,-77.642
Quincy Solar (NC),35.0717,-78.8078
Quinto Solar PV Project,37.130278,-121.052222
QVC Inc,35.9222,-77.6731
"Rabbitbrush Solar, LLC",34.83,-118.32
Raceway Solar & Storage,34.842388,-118.286187
Radiance Solar 4,34.665556,-118.288056
Radiance Solar 5,34.665556,-118.286944
Raeford Farm,34.968889,-79.211944
Railroad Farm,34.82,-78.970833
Railroad Farm 2,34.807903,-78.950494
"Railroad Solar Farm, LLC",34.68056,-79.185
Ramona 1,33.012222,-116.875
Ramona 2,33.012222,-116.875
Ramona Solar Energy,33.018486,-116.860713
"Ramp Solar, LLC",35.416437,-77.918748
Rams Horn Solar Center LLC,35.64295,-77.31654
"Ranchland Solar, LLC",36.472591,-76.154089
Rancho Cordova Medical Offices,38.576571,-121.291035
Rancho Cucamonga Dist #1,34.100278,-117.552778
"Rancho Seco Solar II, LLC",38.346814,-121.119839
"Rancho Seco Solar, LLC",38.339857,-121.114494
"Rankin Solar Center, LLC",34.23453,-79.655149
Ray Wilson Solar,35.933,-80.376
RB Inyokern Solar WDAT 1203 (CSG),35.655806,-117.810322
RB Inyokern Solar WDAT 1281 (CSG),35.659913,-117.810322
RCWD PV Project,33.5226,-117.1815
"RE Adams East, LLC",36.6175,-120.290833
RE Astoria,34.844226,-118.458466
RE Astoria 2,34.836649,-118.480204
RE Barren Ridge 1,35.20473,-118.06875
RE Bruceville 1 LLC,38.3475,-121.412777
RE Bruceville 2 LLC,38.3475,-121.412777
RE Bruceville 3 LLC,38.3475,-121.412777
RE Camelot LLC,35.026667,-118.185556
RE Columbia 3 LLC,35.024722,-118.164167
"RE Columbia Two, LLC",35.026667,-118.185556
RE Dillard 1 LLC,38.468611,-121.181944
RE Dillard 2 LLC,38.466111,-121.177778
RE Dillard 3 LLC,38.461944,-121.180278
RE Garland,34.825267,-118.524989
RE Garland A,34.821453,-118.497406
RE Gaskell West 2 LLC,34.834944,-118.551181
RE Gaskell West 3 LLC,34.834944,-118.551181
RE Gaskell West 4 LLC,34.827873,-118.568178
RE Gaskell West 5 LLC,34.834944,-118.551181
RE Kammerer 1 LLC,38.365053,-121.381101
RE Kammerer 2 LLC,38.365053,-121.381101
RE Kammerer 3 LLC,38.365053,-121.381101
"RE Kansas Solar, LLC",36.247778,-119.833889
RE Kansas South LLC,36.226111,-119.834167
"RE Kent South, LLC",36.226111,-119.905278
RE McKenzie 1 LLC,38.302594,-121.295819
RE McKenzie 2 LLC,38.302594,-121.295819
RE McKenzie 3 LLC,38.302594,-121.295819
RE McKenzie 4 LLC,38.302594,-121.295819
RE McKenzie 5 LLC,38.302594,-121.295819
RE McKenzie 6 LLC,38.302594,-121.295819
RE Mustang LLC,36.221667,-119.903056
"RE Old River One, LLC",35.223333,-119.088889
RE Rosamond One LLC,34.9,-118.246944
RE Tranquillity,36.581365,-120.40447
RE Victor Phelan Solar One LLC,34.51231,-117.47753
RE-VFO LLC,36.353675,-119.400823
"Red Hill Solar Center, LLC",36.404382,-78.141105
"Red Oak Solar Farm, LLC",35.993015,-77.933518
"Red Toad 1425 A Powatan Road, LLC",35.604208,-78.370875
"Red Toad 4451 Buffalo Road, LLC",35.557397,-78.297336
"Red Toad 5840 Buffalo Road, LLC",35.572873,-78.302297
Redcrest Solar Farm,35.321944,-118.812778
Redmon Solar Farm LLC,35.710833,-80.665833
Redwing Solar,34.274414,-79.887503
Redwood 4 Solar Farm,35.314198,-118.81192
Reedley Community College Solar,36.60563,-119.4577
Regulus Solar Project,35.3,-118.851944
Renew Solar ABC Sacramento LLC,38.39945,-121.29319
Resurgence Solar,35.00656,-117.54484
Resurgence Solar II,35.00656,-117.54484
Richardson Solar,33.27774,-81.35173
"Richlands Solar, LLC",34.784644,-77.637943
Ridgeback,35.86546,-79.57982
Ridgeland Solar Project,32.465,-80.961
Rio Bravo Solar 1 LLC,35.416111,-119.6825
Rio Bravo Solar II LLC,35.4225,-119.629167
River Ranch Dairy,36.249006,-119.582893
"River Road Solar, LLC",36.351,-76.842
River Solar,34.107849,-80.128107
RMQ 1 and 2,35.9222,-77.6731
Robert O Schulz Solar Farm,37.8583,-120.8917
Robin Solar,35.264418,-78.081389
Rock Farm,34.965556,-79.609722
"Rockingham Solar, LLC",34.980661,-79.603732
Rockwell Solar LLC,35.541667,-80.474722
Rodeo Solar C2,34.713333,-118.289444
Rodeo Solar D2,34.713333,-118.289444
"Roper Farm, LLC",35.187475,-81.440717
Rose Acre Solar Energy Storage,35.637337,-76.535976
Rose Hill,34.823889,-77.969722
Rosewood Solar,35.4375,-78.10709
Roxboro Farm,36.4797,-78.917364
"Roxboro Solar Farm, LLC",36.326821,-78.622242
Royal Solar,35.216,-78.689
RPUWD Scheuer Well Solar Project,34.11193,-117.27326
"Rudy Solar, LLC",34.766389,-117.323611
Ruff Solar LLC,35.32062,-81.7634
Runway  Solar Farm,33.667675,-78.917988
Runway Solar Farm,33.667675,-78.917988
Ruskin Solar,35.274,-78.022
Rutan,34.643889,-118.163056
Rutherford Farm,35.257778,-81.830556
Ryland Road Solar,36.27585,-76.64867
Sabattus Solar LLC,35.819,-78.135
Sacramento (SMUD),38.587222,-121.457778
Sacramento Fairbain Water Treatment Plan,38.554802,-121.416791
Sacramento Fairbain Water Treatment Plant,38.554802,-121.416791
Sacramento Point West Medical Offices,38.596314,-121.428022
Sacramento Regional County Sanitation PV,38.448604,-121.46369
Sacramento Soleil LLC,38.44979,-121.16469
Sadiebrook NC Solar,34.44,-78.658
Salisbury Solar,35.632585,-80.422626
Saluda Solar II,34.011,-81.739
"Saluda Solar, LLC",33.96839,-81.7829
"Samarcand Solar Farm, LLC",35.311667,-79.695
Sampson Solar,34.961039,-78.470536
San Antonio West Solar Rooftop,33.965617,-117.659059
San Diego - EMDF at San Diego,32.590258,-116.91949
San Diego - NCRC at Vista,33.190283,-117.255584
San Diego State University,32.778225,-117.070114
San Joaquin Solar,36.527,-120.149
San Pablo Raceway,34.723748,-118.280345
Sand Drag LLC,35.982778,-120.110277
Sandrini Solar 100,35.113189,-119.110453
Sandrini Solar 200,35.1026,-119.054119
"Sandy Cross Solar, LLC",35.868333,-77.954167
Sandy Solar,36.33,-76.058
Santa Fe Springs Rooftop Solar BLDG H,33.910833,-118.044444
Santa Fe Springs Rooftop Solar BLDG M,33.910833,-118.044444
Santa Rosa Junior College Petaluma Solar,38.46905,-122.72188
Sapphire Solar,33.887786,-79.783683
Sarah Solar,36.139444,-78.146944
SAS Solar Farm,35.8136,-78.7503
Saw Solar,35.556436,-80.651804
Sawtell Solar,35.380139,-82.375953
Scarlet Solar,35.287803,-77.795061
Scarlet Solar (CA),36.597542,-120.362336
SCCCD - Clovis Community College,36.885463,-119.731899
SCCCD - Fresno Community College,36.76655,-119.79858
SCDA Solar 1,38.690186,-121.586514
SCE&G Curie CSG,32.89,-81.106
SCE&G Nimitz CSG,32.497759,-80.956084
SCE&G Springfield CSG,33.491,-81.297
SCE-Snowline-Duncan Road (North),34.473889,-117.562778
SCE-Snowline-Duncan Road (South),34.471389,-117.562222
SCE-Snowline-White Rd (Central),34.415278,-117.47
SCE-Snowline-White Road (North),34.4175,-117.469722
SCE-Snowline-White Road (South),34.413056,-117.470833
Schell Solar Farm,36.435556,-77.566389
"Scotch Bonnet Solar, LLC",34.53827,-77.908113
SCV Water - Gladbach Water Treatment Plant Phases I and II,34.433332,-118.510837
SDCCD - Miramar,32.906111,-117.121389
SDCWA - Twin Oaks,33.21,-117.170556
"SE Athos II, LLC",33.751283,-115.35499
Seaboard Solar LLC,36.476944,-77.467778
Seabrook Solar,32.56445,-80.742047
Seagrove,35.532427,-79.787634
Sealed Air Madera Solar Project,36.945582,-120.056016
SeaWorld Aquatica,32.586536,-117.004884
Sedberry Farm,35.243889,-79.321667
Sellers Farm Solar,34.881973,-79.665351
Selma Solar LLC,35.576389,-78.183333
Selwyn Farm,34.974485,-79.991608
SEPV 1,34.618861,-117.939444
SEPV 18,34.613602,-117.93439
SEPV 2,34.174167,-116.152778
SEPV 8,34.171944,-116.1525
SEPV Imperial Dixieland East,32.792038,-115.773448
SEPV Imperial Dixieland West,32.79411,-115.779317
SEPV Mojave West,35.022903,-118.282694
SEPV Palmdale East,34.613056,-117.938889
SEPV9 Power Plant,34.192222,-116.090278
Seville 1,33.1125,-116.0139
Seville 2,33.1101,-116.0059
SFDK Solar,38.132245,-122.231965
Shafter Solar LLC,35.393333,-119.127778
Shankle Solar Center LLC,34.943889,-79.195833
Shannon Farm,34.8475,-79.128889
Shasta Solar Farm,41.031389,-121.4225
"Shaw Creek Solar, LLC",33.674689,-81.754444
Shawboro PV1,36.433333,-76.087222
Sheep Creek Community Solar Farm,34.571845,-117.576176
"Shelby Randolph Road Solar 1, LLC",35.309229,-81.588436
Shelby Solar Energy Generation Facility,35.2536,-81.5956
Shelter Creek Condominiums Solar,37.61909,-122.4289
Shelter Solar,34.983772,-79.268026
Shieldwall Solar,36.455422,-77.885106
Shiloh Hwy Solar,36.27,-76.033
"Shoe Creek Solar, LLC",34.84492,-79.38472
Shorthorn Holdings,34.680287,-79.54074
"SID Solar I, LLC",35.258647,-81.505606
Sierra Pacific Chinese Camp,37.883393,-120.454433
Sierra Pacific Industries (2042-RD),40.121389,-122.191944
Sierra Solar Greenworks,34.703611,-118.334167
Sigmon Catawba Farm,35.612222,-81.243333
"Siler 421 Farm, LLC",35.747372,-79.449675
Siler City Solar 2,35.688107,-79.465408
Siler Solar LLC,35.720841,-79.503747
Silveira Ranch Road Solar,38.153474,-122.56565
Simons Farm,36.306389,-76.997222
Smith Solar Farm,34.775083,-79.558408
SMUD at Fleshman,38.237778,-121.3375
SMUD at Grundman,38.364722,-121.41278
SMUD at Lawrence,38.338868,-121.431342
SMUD at Van Conett,38.253056,-121.278888
Sneads Grove,34.79217,-79.465814
"Snow Camp Solar, LLC",35.86267,-79.42346
Snow Hill Solar 2 LLC,35.444167,-77.649444
Soboba Community Solar Project,33.767061,-116.905874
"SoINCPower5, LLC",36.052801,-77.762458
"SoINCPower6, LLC",36.443,-76.581
Sol Orchard El Centro PV,32.803333,-115.546389
Solar Blue,36.173967,-119.904349
Solar Blythe 2,33.618678,-114.696182
Solar Blythe LLC,33.5917,-114.7444
Solar Gen 2 Solar Facility,33.08,-115.47
"Solar Lee, LLC",35.184704,-78.08459
Solar Oasis LLC,34.648889,-118.076667
Solar Photovoltaic Project #42,36.028056,-119.074722
Solar Star 1,34.8181,-118.4036
Solar Star 2,34.848611,-118.352778
Solar Star California II LLC,38.516389,-121.47528
"Solar Star California, XLI, LLC",34.839012,-118.386843
"Solar Star California, XLIV, LLC",34.511889,-117.922819
Solar Star North Carolina II LLC,36.425,-77.064
"Solar Star Palo Alto I, LLC",37.411011,-122.148864
Soluga Farms 1,35.243056,-78.386944
Soluga Farms 2 LLC,34.500008,-78.689167
Soluga Farms III,35.219272,-78.673331
Soluga Farms IV,35.21871,-78.669479
Solverde 1,34.655694,-118.298166
Sonne One,35.437222,-77.833611
Sonne Two,35.656667,-81.183611
Sonora 1,37.889753,-120.528723
Sophie Solar,35.305,-81.696944
Soscol Ferry Solar,38.237422,-122.275184
Soul City Solar,36.25,-78.25
South Atlantic Services Solar Farm I,34.290189,-77.975668
South Cary WRF Solar Array,35.651667,-78.757222
South County Detention Center Solar,36.039,-119.061
South Louisburg Solar,36.057,-78.308
South River H4 Solar Energy Storage,35.04247,-78.586978
South Robeson Farm,34.561146,-79.28097
South Solar,33.995392,-79.606062
"South Winston Farm, LLC",36.0288,-80.302
Southerland Farm Solar,36.265611,-78.367806
"Southern Current One, LLC",32.947262,-81.215942
Southwick Solar,36.009321,-79.367698
"Speedway Solar NC, LLC",35.218,-80.536
"Spencer Farm, LLC",35.712886,-80.407853
Spencer Meadow Solar Energy Storage,35.718429,-79.909481
Spicewood Solar Farm LLC,35.3025,-79.701667
"Spring Hope Solar 2, LLC",35.90708,-78.19376
"Spring Hope Solar 3, LLC",35.905578,-78.192464
"Spring Valley Farm 2, LLC",36.371111,-78.415278
Springbok Solar Farm 1,35.249167,-117.955278
Springbok Solar Farm 2,35.250031,-117.976847
SSI West Riverside Landfill LLC,33.980601,-117.375494
St. Matthews Solar,33.6867,-80.7586
"St. Pauls Solar 1, LLC",34.7716,-78.9836
St. Pauls Solar 2,34.7691,-78.981
Stage Gulch Solar,38.216841,-122.542866
Stagecoach Solar,36.414722,-78.459722
Stainback Solar Farm,36.395286,-78.328294
Stanford Campus Solar,37.43434,-122.16077
"Stanly Solar, LLC",35.289722,-80.235556
Star Solar,36.08,-78.823889
Starr,35.015398,-78.350802
Stateline Solar,35.6,-115.4
Statesville Solar,35.739704,-80.712405
Stenner Creek Solar,35.32,-120.691
Stikeleather Farm,35.902222,-81.106111
Stone Solar,34.583119,-79.031836
"Stony Knoll Solar, LLC",36.288,-80.656
Stout Farm,36.079167,-79.199722
Strata Roof 1,38.643527,-121.505506
"Strider Solar, LLC",35.6,-79.79
Stroud Solar Station,36.531389,-120.106944
Sugar Run Solar,36.437752,-76.597825
"Sugar Solar, LLC",36.1607,-80.6574
Summer North Solar,34.723056,-118.289722
Summer Solar A2,34.723056,-118.289722
Summer Solar B2,34.723056,-118.289722
Summer Solar C2,34.723056,-118.289722
Summer Solar D2,34.723056,-118.289722
Summer Solar LLC,34.714703,-118.311006
Summit Farms Solar,36.4765,-76.136
Summit Solar,35.22732,-78.03749
Sun City Project LLC,35.983056,-120.110277
Sun Devil Solar,36.432,-77.9703
"Sun Farm V, LLC",36.160629,-76.489357
"Sun Farm VI, LLC",36.114444,-76.507778
"Sun Farm VIII, LLC",36.06,-77.75
Sun Harvest Solar NDP1,37.05758,-120.653625
Sun Pacific - Lerdo,35.499809,-119.145254
SunAnza,33.555267,-116.639647
"Suncaster, LLC",35.504069,-77.969554
SunE Rochester,34.097728,-117.544529
SunEdison Anheuser Busch Fairfield,38.232108,-122.092706
SunEdison Ironwood State Prison,33.567268,-114.917979
SunEdison LV Sutton Plant Site,34.2867,-77.9814
SunEdison Procter & Gamble Oxnard,34.2089,-119.13
SunEdison Walgreens Moreno Valley,33.8672,-117.23
SunEdison Walmart Apple Valley DC,34.5975,-117.2
"SunEnergy1-Scotland Neck, LLC",36.124961,-77.409085
Sunfish Farm,35.558056,-78.735833
Sunflower Solar,36.395,-77.593
Sunflower Solar LLC,33.730956,-79.827864
"Sunny Cow Solar, LLC",35.2581,-119.1492
Sunray 2,34.863356,-116.827627
Sunray 3,34.863356,-116.827627
Sunset Reservoir North Basin,37.750894,-122.481758
Superior Almond Hulling,36.442188,-120.387422
Sutter Home Winery GIR,38.193407,-122.260435
Sutter Home Winery TCC,35.735606,-120.685274
Sutter Santa Rosa Solar,38.494525,-122.751988
Swamp Fox Solar,33.791505,-81.256166
"Swansboro Solar, LLC",34.810913,-77.21041
Sweetgum Solar,35.458333,-79.181111
"TA-Acacia, LLC",34.689167,-118.324722
TA-High Desert LLC,34.708889,-118.304722
Tahquitz High School,33.767222,-117.0175
Tamworth Holdings,34.745617,-78.421185
Tanager Holdings,35.7527,-79.784627
Tarboro Solar,35.858056,-77.499167
Target Shafter,34.11193,-117.27326
Target Woodland Solar Project,38.682746,-121.723451
Tart Farm,35.204444,-78.681111
Tate Solar,36.066109,-78.029612
Taylorsville Solar LLC,35.909074,-81.152498
Tedder Solar,34.301806,-79.924456
Tejon Castac Water District Solar,35.0009,-118.8983
"Temescal Canyon RV, LLC",33.826389,-117.511667
Tequesquite Landfill Solar PV Project,33.97819,-117.38514
Terra Francesco,34.039722,-117.606667
"Thanksgiving Fire Solar Farm, LLC",35.701,-78.327
"Thigpen Farms Solar, LLC",34.709198,-79.351904
Thomas Solar,34.087886,-80.115475
Thornton PV1,35.395833,-77.661667
Three Bridge,34.6705,-79.2001
Tiburon Holdings,35.903333,-80.416944
Tides Lane Farm,36.06936,-78.298796
Tinker (NC),35.688268,-79.136921
Tipton 1 - (CA),36.050157,-119.314715
Tipton 2 - (CA),36.050157,-119.314715
Titan Solar 1 (CA),33.125786,-115.911059
Tolson Solar,35.829572,-77.615869
Topaz Solar Farm,35.405556,-120.068611
Town of Cary,35.651667,-78.757222
Tracy Solar,35.7998,-78.1398
Tranquillity ID,36.648026,-120.24594
Trask East Solar,32.470606,-80.748189
Trent River Farm,35.059582,-77.186594
"Trent River Solar, LLC",34.9915,-77.2514
Trinity Solar,35.87025,-79.9282
Tripple State Farm,35.734972,-80.774867
"Trojan Solar, LLC",34.312472,-78.20425
Trona Solar III,35.804953,-117.350572
Tropico Solar PV Plant,35.831944,-119.056111
Truman (NC),35.713283,-78.326891
Tulare 1 and 2,36.2,-119.42
Tulare Akers Professional Center,36.322,-119.351
Tulare CSG LLC,35.98738,-119.48043
Turkey Branch Solar LLC,34.524444,-79.104444
Turkey Creek PV1,36.441359,-77.135575
TWC,36.122809,-119.447658
TWE Bowman Solar Project,33.316159,-80.68244
"TWE Chocowinity Solar, LLC",35.501688,-77.105614
"TWE New Bern Solar Project, LLC",35.154273,-77.13432
Two Lines Farm,35.629167,-81.326667
Two Mile Desert Project,36.22,-76.46
Two Mile Solar,36.223056,-76.461944
UC Davis South Campus,38.55,-121.75
UC Riverside Lots 30 & 32,33.97036,-117.33099
Underwood PV2,36.419353,-77.049537
Univ of California San Diego Solar,32.874379,-117.238927
University of California Santa Cruz,36.9997,-122.0622
University of the Pacific,37.980054,-121.312418
Upchurch Solar Center LLC,35.781944,-77.883889
US GSA - Sacramento,38.601354,-121.397929
US-TOPCO (Soccer Center),34.66072,-118.081152
USG 1,32.79278,-115.857336
USG 2,32.790403,-115.863214
USPS PV,33.977922,-118.2587
VA Sepulveda Ambulatory Care Center,34.248889,-118.483333
Vaca Dixon Solar Station,38.4106,-121.9264
Vacaville Hospital,38.38867,-121.93864
Valencia 1 Solar CA,33.04358,-115.62779
Valencia 2,33.0218,-115.52641
Valencia 3,32.88567,-115.53765
"Valentine Solar, LLC",34.90422,-118.384341
Vallecitos Water District,33.212535,-117.177029
Valley Center,33.2503,-117.0226
Valley Center 1,33.234167,-117.001667
Valley Center 2,33.234167,-117.001667
Valley Sanitary District WTP Solar,33.708661,-116.198885
Van Buren,34.984045,-78.527499
"Van Slyke Solar Center, LLC",35.776992,-77.880517
"Vance Solar Farm, LLC",36.258478,-78.411966
Vandenberg Solar Project,34.749708,-120.509982
Vaughn Creek PV1,36.451012,-77.120595
Vega Solar,36.925833,-120.82
Venable Solar 1,33.598889,-114.571667
Venable Solar 2,33.597222,-114.571667
Ventura Solar,34.399199,-118.901987
"Ventura Solar, LLC",35.878809,-81.177116
Vickers,35.823333,-79.080278
Vicksburg Solar,36.325,-78.343056
Victor Dry Farm Ranch A,34.501111,-117.466667
Victor Dry Farm Ranch B,34.497778,-117.471111
Victor Mesa Linda B2,34.512778,-117.387222
Victor Mesa Linda C2,34.511389,-117.387222
Victor Mesa Linda D2,34.509444,-117.387222
Victor Mesa Linda E2,34.508056,-117.387222
Victory Pass,33.701001,-115.316292
Vikings Energy Farm,32.803363,-115.27174
Vinam,34.668889,-118.061389
Vincent Solar,34.091583,-80.108313
Vintner Solar,35.55795,-120.68287
Violet Solar,35.401091,-80.4185
Viper Solar,34.934886,-78.962159
"Virginia Line Solar, LLC",36.523774,-78.285361
Visalia CSG LLC,36.30677,-119.23999
"VS RXI Mason-Chatsworth, LLC",34.235,-118.579
Vulcan San Emidio Solar,35.049,-119.1812
Waco Farm,35.352222,-81.426111
Wadesboro 4,35.102174,-80.122015
Wadesboro Farm 1,34.99115,-80.09732
Wadesboro Farm 2,35.023406,-80.093192
Wadesboro Farm 3,34.969356,-80.051028
Wadesboro Solar,34.973863,-80.028987
Wagstaff Farm 1,36.458658,-78.956739
Wake RJ3 Solar Energy Storage,35.953947,-78.424019
Wakefield Solar,35.814236,-78.312403
Walgreens Woodland Distribution Center,38.674894,-121.713362
Wallace,34.75813,-77.97173
Walnut Unified School District Walnut HS,34.02188,-117.85051
Walters Solar (FLS 260),34.496944,-79.048889
Warbler Holdings,35.318824,-81.623934
Warren Solar Farm LLC,35.252,-78.369
Warrenton Farm,36.415,-78.171111
Warrenton I Solar,36.412,-78.178
Warsaw Farm,35.005556,-78.125833
Warsaw I,35.01,-78.11
Warsaw II,35.01,-78.05
Washington Airport Solar LLC,35.565278,-77.053611
"Washington Millfield Solar, LLC",35.499444,-76.833611
Washington Solar,36.272037,-79.792474
Washington Solar (SC),34.238081,-79.251953
Washington White Post Solar LLC,35.5052,-76.8484
Watauga Solar,34.523944,-79.844619
Watson Seed Farm PV1,36.129722,-77.721389
Watts 3115,34.600833,-117.642222
Watts Farm,34.726944,-79.335278
Wayne Solar I LLC,35.221083,-78.019026
Wayne Solar II LLC,35.31556,-78.07948
Wayne Solar III LLC,35.324377,-77.871225
Weaver Solar,34.069422,-80.078469
Wedge,35.416191,-77.919201
Wellons Farm,35.511698,-78.291129
Wendell Solar Farm LLC,35.734581,-78.354999
West Gates Solar Station,36.142222,-120.1325
West Salisbury Farm LLC,35.668333,-80.523611
West Siler,35.720841,-79.503747
West Siler Farm LLC,35.720841,-79.503747
West Tambo Clean Power II,37.360955,-120.719395
West Village Solar - Array 1Community So,38.542791,-121.77752
West Village Solar - Array 1Community Solar,38.542791,-121.77752
West Village Solar - Array 2 Community S,38.542747,-121.77659
West Village Solar - Array 2 Community Solar,38.542747,-121.77659
Western Antelope Blue Sky B,34.73206,-118.313573
Western Antelope Blue Sky Ranch A,34.681667,-118.324722
Western Antelope Dry Ranch,34.688889,-118.320278
Westlands Solar PV Farm,36.138056,-120.075833
Westmont 300A,33.766067,-118.288925
Westmont 300B,33.766067,-118.284733
Westmont 301,33.763012,-118.286558
Westmont 400B,33.764227,-118.284733
Westside Solar Power PV1,36.219,-119.907
Westside Solar Station,36.378726,-120.124898
Weymouth Solar Plant,34.108618,-117.782246
Wheeler Ridge,35.082,-119.316
Wheeler Ridge 2,34.9846,-118.9085
Whiskey Solar,35.273434,-79.736312
Whitakers,36.127222,-77.734444
Whitakers Farm (Fisher Rd),36.115542,-77.725147
White Cross Farm,35.907144,-79.188297
"White Farm Solar, LLC",36.34764,-77.22244
White Horse Solar A,34.786327,-82.398437
White River Solar,35.871389,-119.4625
White River Solar 2,35.874722,-119.046111
White Street Renewables,36.10447,-79.723622
Whitehall Solar LLC,34.039056,-79.916656
Whitetail Solar,34.398056,-79.383611
Whitethorn Solar LLC,37.691,-121.717
Whitney Point Solar,36.376889,-120.138472
Whitt Solar,34.721613,-82.524315
Wildflower Solar 1,38.705,-121.477
"Wildwood Solar I, LLC",35.615833,-119.578333
Wildwood Solar II,35.63,-119.573889
Wilkinson Solar LLC,35.596814,-76.763849
Willard Solar,34.70249,-77.9697
Williamston Solar,35.801111,-77.063056
"Williamston Speight Solar, LLC",35.887545,-77.164201
"Williamston West Farm, LLC",35.836544,-77.108044
Willis Solar,33.984625,-79.564983
"Willow Spring Solar, LLC",34.826697,-118.335211
Wilson Farm 1,35.803611,-77.873611
Wilson Solar Farm 1,35.7,-77.9
Wilson Solar Farm 2,35.683,-78.016
Wilson Solar Farm 3,35.78,-78.0
Wilson Solar Farm 4,35.7,-78.0
Wilson Solar Farm 5,35.68,-77.87
Wilson Solar Farm 6,35.68,-77.87
Wilson Solar Farm 7,35.75,-78.0
Windhub Solar A LLC,35.0199,-118.2879
"Windsor Cooper HIill Solar, LLC",35.981944,-76.917778
Windsor Floating Solar,38.53917,-122.81508
Windsor Hwy 17 Solar,36.021253,-76.872438
Windsor Solar,36.016944,-76.883056
Winton Solar,36.375,-76.938889
Wistaria Ranch Solar,32.676,-115.619
Wister Solar,33.269426,-115.502954
Wonderful Firebaugh,36.835981,-120.3205
Wonderful Huller & Shelling,35.57609,-119.78885
Wonderful Huller & Shellling,35.57609,-119.78885
Wonderful Kings,35.769028,-119.868469
Wonderful Lost Hills,35.66934,-119.87658
Wonderful Nursery,35.617738,-119.392378
Wonderful Orchards - Belridge,35.50012,-119.74935
Wonderful Orchards - New Columbia,36.8249,-120.317876
Wonderful Orchards - West Valley,35.658203,-119.972953
Wonderful Orchards - Westside,35.73277,-119.74523
Woodfields Solar,34.188925,-82.134332
Woodfin Solar,35.660109,-82.598383
Woodland Church Farm,35.058333,-77.853611
Woodland Solar,36.341944,-77.221111
Woodleaf Solar Facility,35.724427,-80.608449
Woodmere Solar Farm,35.323056,-118.821389
"Woodsdale Farm, LLC",36.464,-78.95
Wortham Solar Farm,36.352489,-78.376344
Wright Solar Park,37.009444,-120.957222
"Wyse Fork Solar Farm, LLC",35.21377,-77.503222
Xebec 1,34.224041,-118.392921
XPF Solar Field,35.911667,-78.873333
Yadkin 601 Farm,36.199167,-80.697222
Yadkinville Solar,36.13727,-80.596009
Yanceyville Farm,36.439444,-79.278889
Yanceyville Farm 2 LLC,36.413889,-79.316944
"Yanceyville Farm 3, LLC",36.428608,-79.348886
Yemassee Solar,32.705139,-80.903275
Yolo County Solar Project,38.659722,-121.7294
"York Road Solar I, LLC",35.222208,-81.333702
Zonneveld Oak Grove,36.457362,-119.763582
"Zuma Solar, LLC",36.510939,-79.437885
ZV Solar 1,34.81319,-79.20143
ZV Solar 2,34.816,-79.2
"ZV Solar 2, LLC",34.816,-79.2
"ZV Solar 3, LLC",34.816182,-79.200218
